longitude,latitude,noisedB,seconds
27.0911338,93.6157355,63.28344727,1610437001
27.0911338,93.6157355,63.28344727,1610437001
27.0911214,93.6157545,60.11297607,1610437002
27.0911214,93.6157545,58.29707718,1610437003
27.0911214,93.6157545,61.89824295,1610437004
27.0911594,93.6157537,64.60620117,1610437005
27.0912313,93.6158033,71.46440887,1610437006
27.0912044,93.6157761,61.34783936,1610437007
27.0911646,93.6157432,63.54464722,1610437009
27.0911662,93.6157459,59.53598785,1610437010
27.0911708,93.6157486,73.52045441,1610437011
27.0911743,93.6157509,76.49430084,1610437012
27.0911645,93.6157527,61.09163284,1610437015
27.0911626,93.6157504,78.34349823,1610437016
27.0911588,93.615744,81.99064636,1610437020
27.0911536,93.6157448,81.99064636,1610437020
27.0911504,93.6157455,78.92765045,1610437022
27.0911433,93.6157508,82.59483337,1610437023
27.0911413,93.6157534,83.6161499,1610437024
27.0911397,93.6157587,77.41799164,1610437025
27.0911406,93.6157572,81.04606628,1610437026
27.0911427,93.6157565,78.83487701,1610437027
27.091147,93.6157568,79.42212677,1610437028
27.0911523,93.615759,82.87459564,1610437030
27.0911579,93.6157639,84.04527283,1610437032
27.0911612,93.6157677,83.68477631,1610437033
27.0911731,93.6157827,82.22169495,1610437034
27.0911788,93.6157875,80.72880554,1610437035
27.0911812,93.6157884,79.44377899,1610437036
27.0911915,93.6157983,76.04881287,1610437037
27.0912005,93.6158065,72.1398468,1610437038
27.0912034,93.6158081,68.16313171,1610437039
27.0912051,93.6158094,66.16632843,1610437041
27.0912072,93.6158107,66.25610352,1610437042
27.0912106,93.6158153,66.25610352,1610437042
27.0912119,93.6158183,59.35881424,1610437043
27.0912127,93.6158193,71.1587677,1610437044
27.091215,93.6158237,65.15596771,1610437045
27.0912229,93.6158275,70.34728241,1610437046
27.0912266,93.6158292,71.4155426,1610437048
27.0912278,93.6158294,71.4155426,1610437048
27.0912308,93.6158294,71.93190002,1610437051
27.0912338,93.6158312,71.59147644,1610437052
27.0912376,93.6158336,67.59276581,1610437053
27.0912372,93.6158353,64.8807373,1610437054
27.0912367,93.6158366,66.94091034,1610437055
27.0912338,93.6158379,70.61930847,1610437056
27.0912017,93.6158921,72.08111572,1610437064
27.0911969,93.615958,69.55351257,1610437072
27.0912048,93.6159674,65.72254944,1610437078
27.0912114,93.6159699,71.60668182,1610437080
27.0912364,93.6159419,71.60668182,1610437080
27.0912327,93.6159464,71.60668182,1610437080
27.0912251,93.6159292,71.60668182,1610437080
27.0911985,93.6158228,71.60668182,1610437080
27.0910927,93.6157788,71.60668182,1610437080
27.0910698,93.6157246,71.60668182,1610437080
27.0911329,93.6157257,71.60668182,1610437080
27.0911533,93.615734,71.60668182,1610437080
27.0911506,93.6157358,71.60668182,1610437080
27.0911544,93.6157273,71.60668182,1610437080
27.0911557,93.6157243,71.60668182,1610437080
27.0911492,93.6157222,71.60668182,1610437080
27.0911122,93.6157225,71.60668182,1610437080
27.091106,93.6157395,71.60668182,1610437080
27.0911403,93.6157876,71.60668182,1610437080
27.0911797,93.6158527,71.60668182,1610437080
27.091188,93.6158621,71.60668182,1610437080
27.0911964,93.615868,71.60668182,1610437080
27.0912053,93.6158763,71.60668182,1610437080
27.0912053,93.6158763,71.60668182,1610437080
27.0912131,93.6158872,76.39353943,1610437095
27.0912131,93.6158872,76.39353943,1610437095
27.0912181,93.6158996,76.39353943,1610437095
27.0912246,93.6159138,76.39353943,1610437095
27.0912236,93.6159435,76.39353943,1610437095
27.0912199,93.6159694,76.39353943,1610437095
27.0912199,93.6159694,76.39353943,1610437095
27.0912128,93.6159999,76.39353943,1610437095
27.0912044,93.6160219,76.39353943,1610437095
27.0912044,93.6160219,76.39353943,1610437095
27.0910828,93.6161465,76.39353943,1610437095
27.0910576,93.6161844,83.13787842,1610437181
27.0910387,93.6162265,83.13787842,1610437181
27.0910387,93.6162265,83.13787842,1610437181
27.0910221,93.6162748,83.13787842,1610437181
27.0910168,93.6163324,83.13787842,1610437181
27.0910168,93.6163324,83.13787842,1610437181
27.0910281,93.616395,83.13787842,1610437181
27.0910519,93.6164585,83.13787842,1610437181
27.0910519,93.6164585,83.13787842,1610437181
27.0910848,93.6165206,83.13787842,1610437181
27.0910848,93.6165206,83.13787842,1610437181
27.0911209,93.6165806,83.13787842,1610437181
27.0911546,93.6166434,83.13787842,1610437181
27.0911861,93.6167048,83.13787842,1610437181
27.0911861,93.6167048,83.13787842,1610437181
27.0912177,93.6167585,83.13787842,1610437181
27.0912177,93.6167585,83.13787842,1610437181
27.0912448,93.6168097,83.13787842,1610437181
27.0912646,93.6168615,83.13787842,1610437181
27.0912646,93.6168615,83.13787842,1610437181
27.0912782,93.6169119,83.13787842,1610437181
27.091293,93.6169596,83.13787842,1610437181
27.091293,93.6169596,83.13787842,1610437181
27.0913055,93.617007,83.13787842,1610437181
27.0913136,93.6170558,83.13787842,1610437181
27.0913206,93.61709,83.13787842,1610437181
27.0913327,93.6171355,83.13787842,1610437181
27.0913647,93.6172576,83.13787842,1610437181
27.0913775,93.6173203,83.13787842,1610437181
27.091384,93.6173951,83.13787842,1610437181
27.0913715,93.6174761,83.13787842,1610437181
27.0913508,93.6175568,83.13787842,1610437181
27.0913249,93.6176323,83.13787842,1610437181
27.091297,93.617704,83.13787842,1610437181
27.0912623,93.6177729,83.13787842,1610437181
27.0911427,93.6179002,83.13787842,1610437181
27.0910827,93.6179598,83.13787842,1610437181
27.0910827,93.6179598,83.13787842,1610437181
27.0909587,93.6180709,83.13787842,1610437181
27.0909057,93.6181388,83.13787842,1610437181
27.0908593,93.6182096,83.13787842,1610437181
27.0907285,93.6183489,83.13787842,1610437181
27.0906072,93.6184641,83.13787842,1610437181
27.0905511,93.6185187,83.13787842,1610437181
27.0905012,93.6185764,83.13787842,1610437181
27.0905012,93.6185764,83.13787842,1610437181
27.0904521,93.6186341,83.13787842,1610437181
27.0903995,93.6186935,83.13787842,1610437181
27.0903471,93.6187604,83.13787842,1610437181
27.0903471,93.6187604,83.13787842,1610437181
27.0903044,93.618833,83.13787842,1610437181
27.0902608,93.6189932,83.13787842,1610437181
27.0902593,93.6190722,83.13787842,1610437181
27.090268,93.6191494,83.13787842,1610437181
27.090268,93.6191494,83.13787842,1610437181
27.0902938,93.6193086,83.13787842,1610437181
27.0901496,93.6197792,83.13787842,1610437181
27.0900025,93.620269,83.13787842,1610437181
27.0898329,93.6205935,83.13787842,1610437181
27.0895066,93.6209841,83.13787842,1610437181
27.0892053,93.6213442,83.13787842,1610437181
27.0890168,93.6214542,83.13787842,1610437181
27.0889653,93.6213792,83.13787842,1610437181
27.0889488,93.6213571,83.13787842,1610437181
27.0889488,93.6213571,83.13787842,1610437181
27.0889307,93.6213404,83.13787842,1610437181
27.0889086,93.6213214,83.13787842,1610437181
27.0888837,93.6212957,83.13787842,1610437181
27.0888608,93.6212684,83.13787842,1610437181
27.0888329,93.6212365,83.13787842,1610437181
27.0888013,93.6211999,83.13787842,1610437181
27.0887327,93.6211121,83.13787842,1610437181
27.0887043,93.6210756,83.13787842,1610437181
27.0886722,93.6210334,83.13787842,1610437181
27.0886453,93.620998,83.13787842,1610437181
27.0886171,93.6209658,83.13787842,1610437181
27.0885871,93.6209358,83.13787842,1610437181
27.0885635,93.6209124,85.06608582,1610437183
27.0885248,93.6208671,83.79411316,1610437186
27.0885097,93.6208521,75.55068207,1610437336
27.0884854,93.6208368,78.3527298,1610437337
27.0884781,93.6208404,75.7671051,1610437339
27.0884727,93.6208491,76.47465515,1610437340
27.0884678,93.620859,82.25469208,1610437342
27.0884855,93.6208839,82.25469208,1610437342
27.0885093,93.6209054,79.45921326,1610437343
27.0885343,93.6209235,79.95613098,1610437344
27.088557,93.6209437,80.65049744,1610437345
27.0886048,93.6210092,80.76722717,1610437346
27.0886303,93.6210478,82.58351135,1610437347
27.0886618,93.6210932,81.94269562,1610437349
27.0886886,93.6211294,84.87922668,1610437350
27.088722,93.6211731,83.76364899,1610437351
27.0887574,93.6212157,84.69645691,1610437352
27.0887939,93.6212589,83.59843445,1610437353
27.0888313,93.6213005,77.9850769,1610437354
27.0888665,93.6213365,79.08253479,1610437355
27.0888948,93.6213576,80.92811584,1610437356
27.0889158,93.6213712,79.4144516,1610437357
27.0889302,93.6213848,83.42295837,1610437359
27.0889654,93.6214344,83.41732025,1610437360
27.0889654,93.6214344,83.33692169,1610437361
27.0889874,93.6214622,83.33692169,1610437361
27.0890501,93.6214968,81.81132507,1610437363
27.0892889,93.6212684,76.53620911,1610437370
27.0895411,93.6209692,77.18993378,1610437377
27.0897979,93.6206624,79.88414001,1610437385
27.0899785,93.6203056,74.71679688,1610437393
27.0902836,93.6203993,84.90356445,1610437401
27.0906717,93.6206627,84.00971222,1610437408
27.090747,93.6207945,79.2431488,1610437411
27.09077,93.6208633,79.2431488,1610437411
27.0907805,93.620924,83.29734802,1610437412
27.0907805,93.620924,83.29734802,1610437412
27.0907792,93.620978,84.1404953,1610437413
27.0907714,93.6210313,84.1404953,1610437413
27.0907714,93.6210313,84.62660217,1610437414
27.0907584,93.6210863,84.83171082,1610437415
27.0907584,93.6210863,84.83171082,1610437415
27.0907457,93.62114,84.83171082,1610437415
27.0907457,93.62114,84.43022919,1610437416
27.0907344,93.6211953,84.43022919,1610437416
27.0907272,93.6212505,85.38459015,1610437418
27.0907272,93.6212505,79.36903381,1610437419
27.0907289,93.621303,79.36903381,1610437419
27.0907289,93.621303,78.41344452,1610437420
27.0907392,93.6213327,78.41344452,1610437420
27.0907572,93.6213664,79.11477661,1610437421
27.0907572,93.6213664,79.11477661,1610437421
27.0907813,93.6214027,82.23155212,1610437422
27.0908032,93.6214352,80.85836792,1610437423
27.0908212,93.6214647,80.34269714,1610437424
27.0908343,93.6214901,80.69788361,1610437425
27.0908343,93.6214901,80.69788361,1610437425
27.0909301,93.6217279,86.65355682,1610437431
27.0909506,93.6217759,86.5568161,1610437432
27.0909506,93.6217759,86.5568161,1610437432
27.0909713,93.6218314,86.45014954,1610437433
27.0909713,93.6218314,86.45014954,1610437433
27.09099,93.62188,86.45014954,1610437433
27.09099,93.62188,87.38014221,1610437434
27.0910116,93.6219276,87.38014221,1610437434
27.0910116,93.6219276,86.60099792,1610437435
27.0910386,93.6219761,86.60099792,1610437435
27.0910386,93.6219761,86.75447845,1610437436
27.0910725,93.6220372,86.75447845,1610437436
27.0911376,93.6221683,85.9437027,1610437439
27.0911635,93.6222371,86.07389832,1610437440
27.0911861,93.6223127,85.82665253,1610437441
27.0911861,93.6223127,85.82665253,1610437441
27.0912076,93.6224602,79.68688965,1610437443
27.0912093,93.6225193,79.68688965,1610437443
27.0912109,93.6225645,82.9679184,1610437444
27.0912115,93.6226193,86.4546814,1610437445
27.0912155,93.6226815,87.16895294,1610437448
27.0912258,93.6228166,86.78700256,1610437449
27.0912295,93.6228814,83.51341248,1610437450
27.0912314,93.6229405,81.80321503,1610437451
27.0912269,93.622992,81.42878723,1610437452
27.0912073,93.623033,83.36284637,1610437453
27.0911755,93.623061,85.04389954,1610437454
27.0911132,93.6230765,86.31498718,1610437455
27.0910743,93.6230765,86.48510742,1610437457
27.0910247,93.6230752,87.18699646,1610437458
27.0909628,93.6230779,87.37121582,1610437459
27.0908356,93.6230904,86.40102386,1610437461
27.0907754,93.6230977,87.09973907,1610437462
27.0907162,93.6231034,87.54629517,1610437463
27.0906586,93.6231153,85.72041321,1610437464
27.0905545,93.6231543,86.10588074,1610437465
27.0905545,93.6231543,85.67245483,1610437467
27.0904639,93.6232203,84.29475403,1610437468
27.0904329,93.6232646,83.63548279,1610437469
27.0904179,93.6233131,85.48719788,1610437470
27.0904312,93.623415,87.38715363,1610437471
27.0904486,93.6234787,86.95024109,1610437473
27.0905663,93.623955,87.41829681,1610437480
27.090367,93.6244712,84.5635376,1610437488
27.0904226,93.6247588,77.9315567,1610437495
27.0904412,93.6249684,76.37475586,1610437503
27.090382,93.6251893,85.74539185,1610437511
27.090268,93.6255888,86.57032013,1610437519
27.0902527,93.6256407,83.19737244,1610437520
27.090241,93.6256796,81.40209198,1610437521
27.090241,93.6256796,81.40209198,1610437521
27.0902258,93.6257173,83.37238312,1610437522
27.0902258,93.6257173,83.37238312,1610437522
27.0902106,93.625756,78.67555237,1610437523
27.090193,93.625809,78.67555237,1610437523
27.090193,93.625809,79.60801697,1610437524
27.0901789,93.6258519,78.24229431,1610437525
27.0901615,93.6258987,78.24229431,1610437525
27.0901391,93.6259481,77.1580658,1610437528
27.090115,93.6259931,77.1580658,1610437528
27.0900937,93.6260446,75.05885315,1610437529
27.0900736,93.6261033,75.94148254,1610437530
27.0900619,93.6261538,78.67456818,1610437531
27.0900595,93.6261927,80.78030396,1610437532
27.0900479,93.6262425,78.61247253,1610437533
27.0900261,93.6262936,77.34584045,1610437534
27.0899988,93.6263311,77.34584045,1610437534
27.0899686,93.6263619,78.98027802,1610437536
27.0899378,93.6263907,79.79306793,1610437537
27.0899066,93.6264246,77.73313904,1610437538
27.0899066,93.6264246,75.25698853,1610437539
27.0898544,93.6264712,73.52331543,1610437540
27.0898276,93.6264949,77.24247742,1610437541
27.0897981,93.6265277,82.13752747,1610437542
27.0897677,93.6265586,83.87632751,1610437543
27.0897456,93.6265724,83.87632751,1610437543
27.0897178,93.6265812,77.93995667,1610437544
27.0897178,93.6265812,78.78381348,1610437546
27.0896877,93.6265742,78.78381348,1610437546
27.0896577,93.6265576,81.53266144,1610437547
27.08963,93.6265353,78.43330383,1610437548
27.0895954,93.6264817,79.69229126,1610437550
27.0895925,93.6264566,79.69229126,1610437550
27.0895917,93.6264206,78.06183624,1610437552
27.0895927,93.6263922,78.06183624,1610437552
27.0895977,93.6263533,80.00215149,1610437553
27.0896036,93.6263102,79.93650055,1610437554
27.0896133,93.6262636,77.37254333,1610437557
27.0896265,93.6262181,77.37254333,1610437557
27.0896374,93.6261544,82.32491302,1610437559
27.0896373,93.6261034,80.01152039,1610437560
27.0896373,93.6261034,80.01152039,1610437560
27.089628,93.6260584,80.89067078,1610437561
27.0896181,93.6260111,83.82067871,1610437562
27.0896127,93.625963,82.44449615,1610437563
27.0896095,93.6259114,83.43388367,1610437564
27.0896076,93.6258504,83.43388367,1610437564
27.0895685,93.6254256,79.04975891,1610437572
27.0892756,93.6252758,75.3624115,1610437580
27.0889729,93.6254112,73.11543274,1610437588
27.0887374,93.6254179,80.5716095,1610437596
27.0884648,93.6252442,79.70903015,1610437603
27.0882081,93.625142,76.34941864,1610437610
27.0882017,93.6250833,78.93733978,1610437612
27.0882017,93.6250833,81.57228851,1610437613
27.0882018,93.6250496,81.57228851,1610437613
27.0882018,93.6250496,79.60249329,1610437615
27.0882006,93.6250143,79.60249329,1610437615
27.0882019,93.6249776,78.55001068,1610437616
27.0882019,93.6249776,78.55001068,1610437616
27.0882166,93.6249515,82.18320465,1610437617
27.0882363,93.6249303,79.96452332,1610437618
27.0882363,93.6249303,79.96452332,1610437618
27.088254,93.6249164,79.89491272,1610437619
27.088254,93.6249164,79.89491272,1610437619
27.0882733,93.6248981,81.17286682,1610437620
27.0882957,93.6248858,81.17286682,1610437620
27.0882957,93.6248858,83.19248199,1610437621
27.0883252,93.6248739,84.20249176,1610437622
27.0883701,93.6248605,84.20249176,1610437622
27.0883701,93.6248605,85.52279663,1610437623
27.0884211,93.6248495,85.52279663,1610437623
27.0884687,93.6248364,84.85264587,1610437625
27.0884687,93.6248364,84.85264587,1610437625
27.0885272,93.6248244,85.80818176,1610437626
27.0885272,93.6248244,85.80818176,1610437626
27.0885858,93.6248206,83.0056839,1610437627
27.0885858,93.6248206,83.0056839,1610437627
27.0886401,93.6248222,78.274086,1610437628
27.0886401,93.6248222,78.274086,1610437628
27.0886789,93.6248205,81.62561035,1610437629
27.0886789,93.6248205,81.62561035,1610437629
27.0887004,93.6248127,81.77121735,1610437630
27.0887235,93.6247859,81.77121735,1610437630
27.0887235,93.6247859,82.95066071,1610437631
27.0887386,93.6247473,82.88713074,1610437632
27.0886316,93.6244115,77.31324768,1610437639
27.0886316,93.6244115,77.31324768,1610437639
27.0886207,93.6243517,75.01690674,1610437640
27.0886191,93.624292,75.03198242,1610437641
27.0886204,93.6242306,75.47320557,1610437642
27.0886222,93.6241721,77.2233429,1610437644
27.0886224,93.6241083,78.58805847,1610437645
27.0886267,93.6239939,76.76892853,1610437646
27.0886267,93.6239939,76.76892853,1610437646
27.0886357,93.6239531,77.65172577,1610437647
27.0886489,93.6239066,77.40893555,1610437648
27.0886652,93.6238653,76.58813477,1610437649
27.0886827,93.6238244,78.15435791,1610437650
27.088703,93.6237799,78.69532013,1610437651
27.0887206,93.6237391,78.01849365,1610437652
27.0887329,93.6237128,79.63503265,1610437654
27.0887481,93.6236837,80.10967255,1610437655
27.0887676,93.6236536,80.10967255,1610437655
27.0887946,93.6235974,79.55194092,1610437657
27.0888085,93.623559,81.43696594,1610437658
27.0888218,93.6235205,82.69786072,1610437659
27.0888347,93.6234902,85.09253693,1610437660
27.0888831,93.6234497,84.72679138,1610437661
27.0889085,93.6234337,84.44021606,1610437662
27.0889285,93.6234203,87.23500824,1610437664
27.0889393,93.6234099,86.93549347,1610437665
27.0889409,93.623406,86.73091125,1610437666
27.0889425,93.6234006,86.89437866,1610437667
27.0889439,93.6233955,86.96283722,1610437668
27.0889445,93.6233934,86.22885132,1610437669
27.0889449,93.6233919,86.99607086,1610437670
27.088945,93.6233918,87.009552,1610437671
27.088945,93.6233917,86.91981506,1610437672
27.088945,93.6233917,86.28923035,1610437678
27.0889186,93.6233785,86.28923035,1610437678
27.0887459,93.6235248,86.28923035,1610437678
27.088641,93.6237578,86.28923035,1610437678
27.0886605,93.6240923,86.28923035,1610437678
27.0886882,93.6244212,86.28923035,1610437678
27.0887378,93.6247536,86.28923035,1610437678
27.0885024,93.624806,86.28923035,1610437678
27.0883192,93.6249651,86.28923035,1610437678
27.0882835,93.6251584,86.28923035,1610437678
27.0886588,93.6253116,86.28923035,1610437678
27.0889218,93.6254626,86.28923035,1610437678
27.0891333,93.6253321,86.28923035,1610437678
27.0894919,93.6252386,86.28923035,1610437678
27.0896686,93.6255626,86.28923035,1610437678
27.0896267,93.6260504,86.28923035,1610437678
27.0895486,93.6263466,86.28923035,1610437678
27.089584,93.6264737,86.28923035,1610437678
27.0896119,93.626491,86.28923035,1610437678
27.0896119,93.626491,86.28923035,1610437678
27.0896415,93.6265029,86.28923035,1610437678
27.0896415,93.6265029,86.28923035,1610437678
27.089676,93.6265079,86.28923035,1610437678
27.0897069,93.6264975,86.28923035,1610437678
27.0897069,93.6264975,86.28923035,1610437678
27.0897328,93.6264773,86.28923035,1610437678
27.0897328,93.6264773,86.28923035,1610437678
27.0897661,93.626448,86.28923035,1610437678
27.0897661,93.626448,86.28923035,1610437678
27.0898009,93.6264172,86.28923035,1610437678
27.0898009,93.6264172,86.28923035,1610437678
27.0898379,93.626383,86.28923035,1610437678
27.0898641,93.6263577,86.28923035,1610437678
27.0898641,93.6263577,86.28923035,1610437678
27.0898825,93.6263365,86.28923035,1610437678
27.0898948,93.6263158,86.28923035,1610437678
27.0898948,93.6263158,86.28923035,1610437678
27.0898965,93.6263086,86.28923035,1610437678
27.0898965,93.6263086,86.28923035,1610437678
27.0898928,93.6263106,86.28923035,1610437678
27.0898928,93.6263106,86.28923035,1610437678
27.0898912,93.6263106,86.28923035,1610437678
27.0898912,93.6263106,86.28923035,1610437678
27.0898907,93.6263103,86.28923035,1610437678
27.0898907,93.6263103,86.28923035,1610437678
27.0898904,93.6263102,86.28923035,1610437678
27.0898902,93.6263101,86.28923035,1610437678
27.0898902,93.6263101,86.28923035,1610437678
27.0898901,93.6263101,86.28923035,1610437678
27.0898901,93.6263101,86.28923035,1610437678
27.0898901,93.62631,86.28923035,1610437678
27.08989,93.62631,86.28923035,1610437678
27.08989,93.62631,86.28923035,1610437678
27.08989,93.62631,86.28923035,1610437678
27.08989,93.62631,86.28923035,1610437678
27.08989,93.62631,86.28923035,1610437678
27.08989,93.62631,86.28923035,1610437678
27.08989,93.62631,86.28923035,1610437678
27.08989,93.62631,86.28923035,1610437678
27.08989,93.62631,86.28923035,1610437678
27.08989,93.62631,86.28923035,1610437678
27.08989,93.62631,86.28923035,1610437678
27.08989,93.62631,86.28923035,1610437678
27.08989,93.62631,86.28923035,1610437678
27.08989,93.62631,86.28923035,1610437678
27.0899039,93.6262981,86.28923035,1610437678
27.0899322,93.6262717,86.28923035,1610437678
27.0899549,93.6262387,86.28923035,1610437678
27.0899793,93.626198,86.28923035,1610437678
27.090006,93.6261551,86.28923035,1610437678
27.0900327,93.6261131,86.28923035,1610437678
27.090059,93.6260711,86.28923035,1610437678
27.0900786,93.6260414,86.28923035,1610437678
27.0901013,93.6260047,86.28923035,1610437678
27.0901443,93.6259261,86.28923035,1610437678
27.0901658,93.6258845,86.28923035,1610437678
27.0901858,93.6258474,86.28923035,1610437678
27.090204,93.6258011,86.28923035,1610437678
27.0902453,93.6256859,86.28923035,1610437678
27.0902644,93.6256253,86.28923035,1610437678
27.0902899,93.6255678,86.28923035,1610437678
27.0903281,93.6254792,86.28923035,1610437678
27.0903412,93.6254338,86.28923035,1610437678
27.09035,93.6253928,86.28923035,1610437678
27.0903591,93.6253484,86.28923035,1610437678
27.0903681,93.6252729,86.28923035,1610437678
27.0903666,93.6252329,86.28923035,1610437678
27.0903673,93.6252018,86.28923035,1610437678
27.0903747,93.6251702,86.28923035,1610437678
27.0903896,93.6251455,86.28923035,1610437678
27.0904043,93.6251284,86.28923035,1610437678
27.0904274,93.6251139,86.28923035,1610437678
27.0904439,93.6251141,86.28923035,1610437678
27.090465,93.6251243,86.28923035,1610437678
27.0904983,93.6251882,86.28923035,1610437678
27.0905248,93.6252773,86.28923035,1610437678
27.0905817,93.6255746,86.28923035,1610437678
27.0906838,93.6260236,86.28923035,1610437678
27.0906989,93.6264442,86.28923035,1610437678
27.0904716,93.6267153,86.28923035,1610437678
27.0901728,93.6268879,86.28923035,1610437678
27.0901154,93.6273022,86.28923035,1610437678
27.0900956,93.6274184,86.28923035,1610437678
27.0900956,93.6274184,86.28923035,1610437678
27.0900855,93.6274743,86.28923035,1610437678
27.0900855,93.6274743,86.28923035,1610437678
27.0900728,93.6275263,86.28923035,1610437678
27.0900728,93.6275263,86.28923035,1610437678
27.0900555,93.6275761,86.28923035,1610437678
27.0900352,93.6276278,86.28923035,1610437678
27.090008,93.6276802,86.28923035,1610437678
27.0899263,93.6277674,86.28923035,1610437678
27.0899263,93.6277674,86.28923035,1610437678
27.0898849,93.6278098,86.28923035,1610437678
27.0898321,93.6278603,86.28923035,1610437678
27.0897844,93.6278802,86.28923035,1610437678
27.0897277,93.6279003,86.28923035,1610437678
27.0896642,93.6279193,86.28923035,1610437678
27.0896041,93.6279369,86.28923035,1610437678
27.0895432,93.6279544,86.28923035,1610437678
27.0894839,93.6279734,86.28923035,1610437678
27.0894357,93.628,86.28923035,1610437678
27.0893908,93.6280352,86.28923035,1610437678
27.08932,93.6281325,86.28923035,1610437678
27.08932,93.6281325,86.28923035,1610437678
27.0893009,93.6281869,86.28923035,1610437678
27.0892979,93.6282392,86.28923035,1610437678
27.0893274,93.6283282,86.28923035,1610437678
27.08936,93.628371,86.28923035,1610437678
27.0893904,93.6284022,86.28923035,1610437678
27.0894171,93.628426,86.28923035,1610437678
27.0894952,93.6284676,86.28923035,1610437678
27.0895271,93.6284724,86.28923035,1610437678
27.08957,93.6284816,86.28923035,1610437678
27.0896086,93.628487,86.28923035,1610437678
27.0896533,93.6284907,86.28923035,1610437678
27.0896999,93.6284947,86.28923035,1610437678
27.0896999,93.6284947,86.28923035,1610437678
27.0897364,93.6284977,86.28923035,1610437678
27.0897586,93.6285042,86.28923035,1610437678
27.0897803,93.6285135,86.28923035,1610437678
27.0897988,93.6285266,86.28923035,1610437678
27.0898199,93.6285414,86.28923035,1610437678
27.0898399,93.6285606,86.28923035,1610437678
27.0898554,93.6285831,86.28923035,1610437678
27.0898726,93.6286088,86.28923035,1610437678
27.0898998,93.6286432,86.28923035,1610437678
27.0899271,93.6286682,86.28923035,1610437678
27.0902892,93.6287436,86.28923035,1610437678
27.090587,93.6289457,86.28923035,1610437678
27.0905192,93.6293399,86.28923035,1610437678
27.0904405,93.6296755,86.28923035,1610437678
27.0908538,93.6296913,86.28923035,1610437678
27.0912045,93.6296167,86.28923035,1610437678
27.0912454,93.629514,86.28923035,1610437678
27.0912632,93.6294475,86.28923035,1610437678
27.0912632,93.6294475,86.28923035,1610437678
27.091276,93.6293792,86.28923035,1610437678
27.091276,93.6293792,86.28923035,1610437678
27.0912812,93.6293083,86.28923035,1610437678
27.091282,93.6292376,86.28923035,1610437678
27.091282,93.6292376,86.28923035,1610437678
27.0912873,93.6291657,86.28923035,1610437678
27.0912971,93.6290953,86.28923035,1610437678
27.0912971,93.6290953,86.28923035,1610437678
27.0913163,93.6290312,86.28923035,1610437678
27.0913163,93.6290312,86.28923035,1610437678
27.0913446,93.6289775,86.28923035,1610437678
27.0913823,93.628931,86.28923035,1610437678
27.0913823,93.628931,86.28923035,1610437678
27.0914236,93.6288958,86.28923035,1610437678
27.0914674,93.6288772,86.28923035,1610437678
27.0914997,93.6288788,86.28923035,1610437678
27.0914997,93.6288788,86.28923035,1610437678
27.0915513,93.6288828,86.28923035,1610437678
27.0915513,93.6288828,86.28923035,1610437678
27.0915988,93.6289029,86.28923035,1610437678
27.0916373,93.6289283,86.28923035,1610437678
27.0916373,93.6289283,86.28923035,1610437678
27.0916649,93.6289546,86.28923035,1610437678
27.0916649,93.6289546,86.28923035,1610437678
27.0917015,93.6289877,86.28923035,1610437678
27.0917015,93.6289877,86.28923035,1610437678
27.0917477,93.6290295,86.28923035,1610437678
27.0917477,93.6290295,86.28923035,1610437678
27.0917781,93.6290425,86.28923035,1610437678
27.0917781,93.6290425,86.28923035,1610437678
27.09181,93.6290459,86.28923035,1610437678
27.09181,93.6290459,86.28923035,1610437678
27.091903,93.629036,86.28923035,1610437678
27.091903,93.629036,86.28923035,1610437678
27.0919468,93.6290157,86.28923035,1610437678
27.0919778,93.6289907,86.28923035,1610437678
27.092003,93.6289559,86.28923035,1610437678
27.0920167,93.6289185,86.28923035,1610437678
27.0920299,93.6288649,86.28923035,1610437678
27.0920435,93.6288052,86.28923035,1610437678
27.0920435,93.6288052,86.28923035,1610437678
27.0920514,93.6287504,86.28923035,1610437678
27.0920588,93.628687,86.28923035,1610437678
27.0920672,93.6286362,86.28923035,1610437678
27.092082,93.6285878,86.28923035,1610437678
27.0920986,93.6285511,86.28923035,1610437678
27.0921328,93.6285003,86.28923035,1610437678
27.0921485,93.6284821,86.28923035,1610437678
27.0921614,93.6284707,86.28923035,1610437678
27.0921746,93.628456,86.28923035,1610437678
27.0921746,93.628456,86.28923035,1610437678
27.0921829,93.6284424,86.28923035,1610437678
27.0921942,93.6284219,86.28923035,1610437678
27.0922072,93.6283967,86.28923035,1610437678
27.0922221,93.6283649,86.28923035,1610437678
27.0922382,93.6283431,86.28923035,1610437678
27.0922593,93.6283204,86.28923035,1610437678
27.092285,93.6283052,86.28923035,1610437678
27.0923191,93.6282975,86.28923035,1610437678
27.0923474,93.6283059,86.28923035,1610437678
27.0923699,93.628328,86.28923035,1610437678
27.0923846,93.628355,86.28923035,1610437678
27.0924278,93.6285179,86.83417511,1610437687
27.0924348,93.6285597,86.83417511,1610437687
27.0924401,93.6286091,86.83417511,1610437687
27.0924439,93.6286572,86.83417511,1610437687
27.0924492,93.6287107,86.83417511,1610437687
27.0924565,93.62877,86.83417511,1610437687
27.0924616,93.6288286,86.83417511,1610437687
27.0923323,93.6293402,86.83417511,1610437687
27.0921311,93.6296945,84.08840942,1610438088
27.0918105,93.630019,84.6542511,1610438096
27.0916304,93.6304031,85.46913147,1610438104
27.0914889,93.630825,79.39362335,1610438112
27.0915122,93.6311511,82.30661774,1610438118
27.0915713,93.6311671,81.45977783,1610438119
27.0916327,93.6311781,81.70127106,1610438120
27.0917494,93.6311982,78.18013,1610438123
27.0917494,93.6311982,78.18013,1610438123
27.0918035,93.631214,78.49947357,1610438125
27.0920496,93.631303,83.24472046,1610438129
27.0920977,93.6313273,83.24472046,1610438129
27.0920977,93.6313273,82.36695862,1610438130
27.0921455,93.6313571,82.36695862,1610438130
27.0921455,93.6313571,81.67381287,1610438132
27.0921914,93.6313982,81.67381287,1610438132
27.0922334,93.6314444,80.55148315,1610438133
27.0922765,93.6314756,80.07385254,1610438134
27.0923232,93.6314863,80.1800766,1610438135
27.0923232,93.6314863,80.1800766,1610438135
27.0923777,93.6314804,79.34822083,1610438136
27.0924357,93.6314759,78.378479,1610438137
27.0925433,93.6314276,77.68843842,1610438138
27.0927669,93.6312818,76.60620117,1610438144
27.0927944,93.631261,77.89430237,1610438145
27.0928233,93.6312388,77.51539612,1610438146
27.0928498,93.6312138,75.30394745,1610438147
27.0928787,93.631179,76.71907043,1610438148
27.0929055,93.6311402,76.50050354,1610438149
27.0929584,93.6310317,77.46833801,1610438150
27.0929584,93.6310317,78.70669556,1610438152
27.0929915,93.6309581,80.69944763,1610438153
27.0930139,93.630919,80.21014404,1610438154
27.093091,93.6307991,78.45559692,1610438157
27.093123,93.6307677,76.25895691,1610438158
27.0931556,93.6307429,81.06204987,1610438159
27.093243,93.6307231,79.90333557,1610438160
27.0932933,93.6307363,79.07096863,1610438162
27.0933317,93.6307745,84.06919098,1610438163
27.0933502,93.6308191,79.53276825,1610438164
27.0933604,93.6308751,77.68341827,1610438165
27.093359,93.6309275,77.56531525,1610438166
27.0933486,93.6309741,78.49733734,1610438167
27.093314,93.6310716,79.45167542,1610438168
27.0932934,93.6311275,79.84827423,1610438169
27.0932686,93.6311775,80.67918396,1610438170
27.0932686,93.6311775,82.6749649,1610438172
27.0932144,93.6312675,80.24766541,1610438173
27.0931931,93.6312974,82.05964661,1610438174
27.0931672,93.6313481,82.60259247,1610438175
27.093143,93.6314016,82.9017334,1610438176
27.0931246,93.6314528,82.25642395,1610438177
27.0931096,93.631502,77.56919861,1610438178
27.0931037,93.6315343,80.79411316,1610438179
27.0930974,93.6315721,80.79411316,1610438179
27.0933224,93.6317123,81.86589813,1610438188
27.0935769,93.6321188,80.28062439,1610438196
27.0938995,93.6322216,83.32187653,1610438204
27.0941666,93.6323403,79.58359528,1610438212
27.0943118,93.6326953,81.94013214,1610438218
27.094584,93.6329433,87.32661438,1610438226
27.0946951,93.6331026,86.80354309,1610438228
27.0946951,93.6331026,86.84947968,1610438229
27.0947325,93.6331612,86.84947968,1610438229
27.0947325,93.6331612,86.9995575,1610438231
27.0947704,93.633224,86.9995575,1610438231
27.0947704,93.633224,86.57530975,1610438232
27.0948094,93.6332887,86.57530975,1610438232
27.0948094,93.6332887,86.6302948,1610438233
27.0948543,93.6333573,86.6302948,1610438233
27.0949008,93.633422,85.60442352,1610438234
27.0949008,93.633422,85.60442352,1610438234
27.0949514,93.6334812,86.52521515,1610438235
27.0950071,93.6335369,86.63142395,1610438236
27.0950071,93.6335369,86.63142395,1610438236
27.0950613,93.6335899,85.92982483,1610438237
27.0951114,93.6336428,85.92982483,1610438237
27.0951114,93.6336428,86.0717926,1610438238
27.0951544,93.6336952,86.0717926,1610438238
27.0951959,93.6337511,83.1357193,1610438240
27.0951959,93.6337511,83.15969849,1610438241
27.0952275,93.633814,83.15969849,1610438241
27.0952275,93.633814,83.15969849,1610438241
27.0952464,93.6338846,81.83692169,1610438242
27.0952464,93.6338846,81.83692169,1610438242
27.0952545,93.633955,81.08516693,1610438243
27.0952545,93.633955,81.08516693,1610438243
27.0952548,93.6340215,81.320755,1610438244
27.0952548,93.6340215,81.320755,1610438244
27.0952547,93.6340886,80.86184692,1610438245
27.0952605,93.6341561,80.86184692,1610438245
27.0952605,93.6341561,82.77851105,1610438246
27.0952876,93.6342599,79.76597595,1610438247
27.0953213,93.634331,78.94644928,1610438250
27.0953501,93.6343736,78.6566925,1610438251
27.0953721,93.6344054,75.52466583,1610438252
27.0953968,93.63444,76.49052429,1610438253
27.0953968,93.63444,76.49052429,1610438253
27.0954169,93.6344726,78.35609436,1610438254
27.0954318,93.6344951,80.73449707,1610438255
27.0955022,93.6345344,85.63500214,1610438256
27.095549,93.6345396,85.91508484,1610438257
27.0955899,93.6345341,83.92102051,1610438258
27.0956298,93.6345139,82.83531952,1610438260
27.0956612,93.6344815,86.09812927,1610438261
27.0956912,93.6344287,86.53585052,1610438262
27.0956912,93.6344287,86.53585052,1610438262
27.0957079,93.6343632,86.43708801,1610438263
27.095722,93.6342927,86.38661957,1610438264
27.0957408,93.6342235,86.57697296,1610438265
27.0957664,93.6341587,86.57697296,1610438265
27.0958034,93.6340996,85.99712372,1610438266
27.0958498,93.6340488,86.52970886,1610438267
27.0959074,93.6340101,86.62150574,1610438269
27.0959673,93.6339908,83.46602631,1610438270
27.0960264,93.6339843,81.46487427,1610438271
27.0960825,93.6339803,80.29710388,1610438272
27.0961351,93.6339708,80.38682556,1610438273
27.0961801,93.6339524,82.99085999,1610438274
27.0962156,93.6339315,77.59233093,1610438275
27.0962471,93.6339015,77.59233093,1610438275
27.0962723,93.6338786,81.06702423,1610438277
27.0963148,93.6338524,81.06702423,1610438277
27.0963581,93.6338279,86.62213898,1610438279
27.0964011,93.6337963,85.36681366,1610438280
27.0964227,93.6337717,76.97857666,1610438282
27.0964803,93.6336884,78.05300903,1610438283
27.0965101,93.6336364,79.02710724,1610438284
27.0965481,93.6335779,82.10663605,1610438285
27.0965855,93.6335141,84.76515961,1610438286
27.0966585,93.6333802,83.4905777,1610438287
27.096697,93.6333123,81.65158081,1610438289
27.0969948,93.6328329,84.69734192,1610438296
27.0973459,93.6322913,81.22938538,1610438304
27.0975922,93.6318952,86.62825012,1610438311
27.0978988,93.631492,79.8494339,1610438319
27.0981539,93.631009,83.53352356,1610438326
27.0983538,93.6305812,83.3158493,1610438334
27.0984219,93.6303987,82.32395935,1610438337
27.0984434,93.6303481,82.32395935,1610438337
27.0984434,93.6303481,78.93613434,1610438339
27.0984565,93.6302928,78.93613434,1610438339
27.0984565,93.6302928,78.93613434,1610438339
27.0984565,93.6302928,79.25669098,1610438340
27.0984606,93.6302288,79.25669098,1610438340
27.0984606,93.6302288,79.25669098,1610438340
27.098462,93.6301525,77.84214783,1610438341
27.098462,93.6301525,77.84214783,1610438341
27.098462,93.6301525,77.84214783,1610438341
27.0984613,93.6300721,79.23313904,1610438342
27.0984582,93.6299905,82.70235443,1610438343
27.0984582,93.6299905,82.70235443,1610438343
27.0984438,93.6298361,79.59228516,1610438345
27.0984451,93.6297724,79.98269653,1610438346
27.0984709,93.6296566,79.94694519,1610438347
27.0984709,93.6296566,78.68455505,1610438349
27.0985151,93.629552,77.94239807,1610438350
27.0985334,93.629496,77.93946838,1610438351
27.0985542,93.6294407,77.71540833,1610438352
27.0985743,93.629388,76.39896393,1610438353
27.0985955,93.6293369,76.39896393,1610438353
27.0985955,93.6293369,77.0382843,1610438354
27.0986194,93.629292,76.11735535,1610438355
27.09865,93.6292506,76.11735535,1610438355
27.0986743,93.629222,76.2870636,1610438358
27.0986974,93.62919,77.73625183,1610438359
27.0987285,93.6291591,76.88796997,1610438360
27.0987545,93.6291452,76.88796997,1610438360
27.0987827,93.629121,78.09579468,1610438361
27.0988121,93.6290908,77.00938416,1610438362
27.0988735,93.6290313,78.40387726,1610438364
27.0989074,93.629004,78.40387726,1610438364
27.0989444,93.6289666,76.78220367,1610438365
27.0989765,93.6289357,81.17356873,1610438366
27.0990068,93.6289108,85.37662506,1610438368
27.0990392,93.6288831,81.71269989,1610438369
27.0990769,93.6288523,79.44130707,1610438370
27.0990769,93.6288523,79.44130707,1610438370
27.0991358,93.6287961,78.98506165,1610438372
27.0991537,93.6287753,81.09611511,1610438373
27.0991772,93.6287449,75.60209656,1610438374
27.0991972,93.628712,76.45478821,1610438375
27.0992128,93.6286519,74.74118042,1610438376
27.0992158,93.6286167,76.0925293,1610438378
27.0992158,93.6286167,75.01415253,1610438379
27.0992218,93.6285808,75.01415253,1610438379
27.0992295,93.6285423,73.55924988,1610438380
27.099241,93.628452,75.5631485,1610438382
27.0992472,93.6280712,78.52702332,1610438390
27.0992704,93.6276328,75.56425476,1610438396
27.0993102,93.6272373,82.63532257,1610438404
27.0993909,93.6270846,76.36091614,1610438412
27.0993541,93.6270054,79.2464447,1610438420
27.0991261,93.6269464,81.29272461,1610438428
27.0990922,93.6269432,82.66499329,1610438429
27.0990863,93.6269426,82.36037445,1610438430
27.0990863,93.6269426,82.36037445,1610438430
27.0990842,93.6269415,82.72190857,1610438431
27.0990842,93.6269415,82.72190857,1610438431
27.099083,93.6269408,81.14669037,1610438432
27.0990824,93.6269405,81.14669037,1610438432
27.0990824,93.6269405,82.45044708,1610438433
27.0990821,93.6269403,82.45044708,1610438433
27.099082,93.6269402,83.60548401,1610438434
27.0990819,93.6269401,83.60548401,1610438434
27.0990819,93.6269401,82.20301056,1610438436
27.0990818,93.6269401,82.20301056,1610438436
27.0990818,93.6269401,82.20301056,1610438436
27.0990818,93.62694,84.35702515,1610438437
27.0990818,93.62694,82.7714386,1610438438
27.0990817,93.62694,82.7714386,1610438438
27.0990817,93.62694,79.95608521,1610438439
27.0990817,93.62694,79.95608521,1610438439
27.0990817,93.62694,81.28878021,1610438440
27.0990817,93.62694,81.28878021,1610438440
27.0990817,93.62694,81.01594543,1610438441
27.0990817,93.62694,81.01594543,1610438441
27.0990817,93.62694,83.37903595,1610438442
27.0990817,93.62694,83.37903595,1610438442
27.0990487,93.626944,83.37903595,1610438442
27.0990487,93.626944,82.82876587,1610438443
27.0990487,93.626944,82.82876587,1610438443
27.0989988,93.6269529,82.82876587,1610438443
27.098962,93.6269592,80.02380371,1610438444
27.0989238,93.626964,79.22406769,1610438446
27.0989238,93.626964,79.13895416,1610438447
27.0988841,93.626966,79.13895416,1610438447
27.0988495,93.6269712,78.32482147,1610438448
27.0988495,93.6269712,78.32482147,1610438448
27.0988132,93.6269762,79.77651978,1610438449
27.0987752,93.6269782,80.77986145,1610438450
27.0987752,93.6269782,80.77986145,1610438450
27.0987411,93.6269786,82.3059845,1610438451
27.098693,93.6269806,80.45404053,1610438452
27.0986536,93.626982,80.45404053,1610438452
27.0986536,93.626982,78.34945679,1610438453
27.098616,93.6269834,79.61460876,1610438454
27.0985923,93.6269824,79.61460876,1610438454
27.0985923,93.6269824,80.21624756,1610438456
27.0985617,93.6269799,80.21624756,1610438456
27.0985339,93.6269751,81.07765198,1610438457
27.0984981,93.626965,85.41828918,1610438458
27.0984981,93.626965,85.41828918,1610438458
27.0984667,93.6269507,84.32085419,1610438459
27.0984391,93.6269344,81.68244934,1610438460
27.0984391,93.6269344,81.68244934,1610438460
27.0984039,93.6269092,81.73526001,1610438461
27.0983745,93.6268799,82.33964539,1610438462
27.0983745,93.6268799,82.33964539,1610438462
27.0983516,93.6268468,81.70698547,1610438463
27.0983367,93.6268174,81.70698547,1610438463
27.0983216,93.6267833,82.80233765,1610438465
27.0983216,93.6267833,81.19392395,1610438466
27.0983038,93.6267501,81.19392395,1610438466
27.0982865,93.6267119,86.14543152,1610438467
27.0982865,93.6267119,86.14543152,1610438467
27.0982791,93.6266844,82.9695282,1610438468
27.098275,93.6266537,81.73194885,1610438469
27.0982731,93.6266253,84.16442871,1610438470
27.0982702,93.6266003,84.16442871,1610438470
27.0982702,93.6266003,82.43590546,1610438471
27.0982673,93.6265732,85.46585846,1610438472
27.0982657,93.6265447,85.46585846,1610438472
27.0982639,93.626522,84.65366364,1610438473
27.0982569,93.6264623,85.61515045,1610438481
27.0982897,93.6262321,86.32835388,1610438489
27.0983083,93.625965,82.51038361,1610438497
27.0983002,93.6257897,84.91152954,1610438505
27.0982264,93.6254789,83.62218475,1610438511
27.0979189,93.6252265,79.62570953,1610438519
27.0976861,93.6251016,80.35765839,1610438522
27.0976861,93.6251016,80.4005661,1610438523
27.0976267,93.6250601,80.4005661,1610438523
27.0976267,93.6250601,80.65718079,1610438525
27.0975683,93.62502,80.65718079,1610438525
27.0975683,93.62502,81.57949066,1610438526
27.0975093,93.6249824,81.57949066,1610438526
27.0975093,93.6249824,81.57949066,1610438526
27.09745,93.6249486,82.60767365,1610438527
27.0973914,93.6249155,85.98512268,1610438528
27.0973349,93.6248822,83.34877014,1610438529
27.0972788,93.6248466,83.34877014,1610438529
27.0972788,93.6248466,81.53291321,1610438530
27.097225,93.6248142,81.54051971,1610438531
27.097225,93.6248142,81.54051971,1610438531
27.097173,93.6247864,79.86601257,1610438532
27.0971268,93.6247638,77.53482056,1610438533
27.0970862,93.6247475,78.69530487,1610438535
27.0970291,93.6247239,78.83052063,1610438536
27.0970291,93.6247239,82.70292664,1610438537
27.0970084,93.6247161,83.04290771,1610438538
27.096978,93.624706,83.04290771,1610438538
27.0969484,93.6246951,81.40869904,1610438539
27.0969082,93.6246804,80.87620544,1610438540
27.0968685,93.6246673,83.96455383,1610438541
27.0968283,93.6246558,79.85140991,1610438542
27.0967886,93.6246448,79.85140991,1610438542
27.0967553,93.6246305,78.06415558,1610438543
27.0967553,93.6246305,78.81806946,1610438545
27.0967196,93.6246155,78.81806946,1610438545
27.096698,93.6246062,82.83792114,1610438546
27.0966782,93.6246005,83.07249451,1610438547
27.0966527,93.6245947,83.3795929,1610438548
27.0966235,93.6245876,82.5605011,1610438549
27.0966235,93.6245876,82.5605011,1610438549
27.0965948,93.6245767,83.20478821,1610438550
27.0965545,93.6245586,82.12611389,1610438551
27.0965164,93.6245398,82.12611389,1610438551
27.0965164,93.6245398,81.69671631,1610438552
27.0964923,93.6245227,81.69671631,1610438552
27.0964593,93.6245005,81.54971313,1610438554
27.0964593,93.6245005,81.01187897,1610438555
27.0964319,93.6244786,81.01187897,1610438555
27.0963934,93.6244494,81.70975494,1610438556
27.0963934,93.6244494,81.36940002,1610438557
27.0963543,93.624413,81.36940002,1610438557
27.0963201,93.6243733,82.39904022,1610438558
27.0963009,93.6243437,84.63578796,1610438559
27.0962776,93.6243093,84.63578796,1610438559
27.0962776,93.6243093,82.95695496,1610438560
27.0962436,93.6242605,84.03491211,1610438561
27.096206,93.6242081,84.03491211,1610438561
27.0961693,93.6241533,83.85666656,1610438562
27.0961342,93.6240963,85.66488647,1610438564
27.0961029,93.6240383,85.31854248,1610438565
27.096069,93.6239748,85.8886261,1610438566
27.0957759,93.6234191,81.55021667,1610438575
27.0957854,93.6227558,81.8535614,1610438581
27.0958741,93.6221774,80.0045929,1610438589
27.0955685,93.6216734,81.96543884,1610438597
27.0951817,93.6213279,82.03372955,1610438605
27.0946241,93.6211408,82.74812317,1610438612
27.0944757,93.6212037,82.33203125,1610438614
27.0944757,93.6212037,82.55151367,1610438615
27.0944027,93.6212391,82.55151367,1610438615
27.0944027,93.6212391,82.55151367,1610438615
27.0944027,93.6212391,85.04162598,1610438616
27.0943362,93.6212744,85.04162598,1610438616
27.0943362,93.6212744,85.04162598,1610438616
27.0942705,93.6213092,83.72892761,1610438617
27.0942705,93.6213092,83.72892761,1610438617
27.0942705,93.6213092,83.72892761,1610438617
27.0942049,93.6213461,81.76883698,1610438618
27.0942049,93.6213461,81.76883698,1610438618
27.094139,93.621382,81.76883698,1610438618
27.094139,93.621382,81.35484314,1610438619
27.094139,93.621382,81.35484314,1610438619
27.0940764,93.621411,82.72803497,1610438620
27.0940764,93.621411,82.72803497,1610438620
27.0940259,93.621433,82.72803497,1610438620
27.0940259,93.621433,84.19487762,1610438621
27.0940259,93.621433,84.19487762,1610438621
27.0939944,93.6214513,84.19487762,1610438621
27.0939944,93.6214513,87.78071594,1610438623
27.0939775,93.6214596,87.78071594,1610438623
27.0939775,93.6214596,87.78071594,1610438623
27.0939439,93.6214716,87.57802582,1610438624
27.0939439,93.6214716,87.57802582,1610438624
27.0939439,93.6214716,83.81585693,1610438625
27.0939123,93.6214773,80.70074463,1610438626
27.0938627,93.6214788,80.70074463,1610438626
27.0938125,93.6214713,80.18910217,1610438627
27.0937669,93.6214526,80.87772369,1610438628
27.0937669,93.6214526,80.87772369,1610438628
27.0937361,93.6214227,81.41162872,1610438629
27.0937001,93.6213816,81.41162872,1610438629
27.0936778,93.6213324,81.07307434,1610438630
27.0936778,93.6213324,79.93125153,1610438631
27.0936668,93.6212813,79.93125153,1610438631
27.0936544,93.6212264,78.25370789,1610438633
27.0936544,93.6212264,79.00179291,1610438634
27.093644,93.6211883,79.00179291,1610438634
27.0936323,93.6211451,79.41810608,1610438635
27.0936215,93.6210974,79.96422577,1610438636
27.0936215,93.6210974,79.96422577,1610438636
27.0936138,93.6210602,77.09660339,1610438637
27.0936085,93.6210202,77.80665588,1610438638
27.093604,93.620982,77.80665588,1610438638
27.0936014,93.620947,79.09726715,1610438639
27.0936014,93.620947,82.38787079,1610438640
27.0936042,93.6209016,82.44187164,1610438641
27.0936152,93.6208491,82.44187164,1610438641
27.0936152,93.6208491,82.92082977,1610438643
27.0936298,93.6207952,82.92082977,1610438643
27.0936473,93.6207319,85.72114563,1610438644
27.0936676,93.6206688,85.72114563,1610438644
27.0936676,93.6206688,85.3713913,1610438646
27.0936927,93.6206017,85.3713913,1610438646
27.0937208,93.6205337,85.3713913,1610438646
27.0937523,93.6204562,85.3713913,1610438646
27.0937867,93.620364,85.3713913,1610438646
27.0937867,93.620364,85.3713913,1610438646
27.0938286,93.6202402,85.3713913,1610438646
27.0938612,93.6201053,85.3713913,1610438646
27.093867,93.6199944,85.3713913,1610438646
27.093867,93.6199944,85.3713913,1610438646
27.093858,93.6199078,85.3713913,1610438646
27.093843,93.6198565,85.3713913,1610438646
27.093843,93.6198565,85.3713913,1610438646
27.093823,93.6198298,85.3713913,1610438646
27.0937889,93.6197996,85.3713913,1610438646
27.0937497,93.6197684,85.3713913,1610438646
27.0937077,93.6197303,85.3713913,1610438646
27.0937077,93.6197303,85.3713913,1610438646
27.0933854,93.6193028,85.3713913,1610438646
27.0930345,93.6187453,85.3713913,1610438646
27.0927364,93.6183613,85.3713913,1610438646
27.0923055,93.6177905,85.3713913,1610438646
27.0920142,93.6172544,85.3713913,1610438646
27.0919788,93.6171798,85.3713913,1610438646
27.0919137,93.6170943,85.3713913,1610438646
27.0918692,93.6170311,85.3713913,1610438646
27.091856,93.6170001,85.3713913,1610438646
27.0918382,93.6169661,85.3713913,1610438646
27.0918382,93.6169661,85.3713913,1610438646
27.0918382,93.6169661,85.3713913,1610438646
27.091818,93.6169335,85.3713913,1610438646
27.091818,93.6169335,85.3713913,1610438646
27.0918004,93.6169076,85.3713913,1610438646
27.091783,93.6168789,85.3713913,1610438646
27.091783,93.6168789,85.3713913,1610438646
27.0917693,93.6168557,85.3713913,1610438646
27.0917693,93.6168557,85.3713913,1610438646
27.09176,93.6168406,85.3713913,1610438646
27.0917443,93.6168203,85.3713913,1610438646
27.0917443,93.6168203,85.3713913,1610438646
27.0917273,93.6168039,85.3713913,1610438646
27.0916917,93.6167786,85.3713913,1610438646
27.091675,93.6167647,85.3713913,1610438646
27.091658,93.6167534,85.3713913,1610438646
27.091639,93.6167356,85.3713913,1610438646
27.0916273,93.6167233,85.3713913,1610438646
27.0916138,93.6167116,85.3713913,1610438646
27.0916059,93.6166987,85.3713913,1610438646
27.0916004,93.6166895,85.3713913,1610438646
27.0915984,93.6166808,85.3713913,1610438646
27.091597,93.6166744,85.3713913,1610438646
27.0915943,93.6166679,85.3713913,1610438646
27.0915924,93.6166624,85.3713913,1610438646
27.0915921,93.6166613,85.3713914,1610438733
27.0915919,93.6166607,87.28749084,1610438734
27.0915918,93.6166603,87.95585632,1610438735
27.0915917,93.6166602,86.10799408,1610438738
27.0915917,93.6166601,86.10799408,1610438738
27.0915917,93.61666,84.06124115,1610438739
27.0915917,93.61666,79.32038116,1610438740
27.0915917,93.61666,79.8709259,1610438741
27.0915917,93.61666,79.03585052,1610438742
27.0915917,93.61666,79.83591461,1610438743
27.0915917,93.61666,78.59496307,1610438744
27.0915917,93.61666,80.43195343,1610438745
27.0915917,93.61666,81.38555908,1610438746
27.0915714,93.616622,77.91255188,1610438748
27.0915504,93.6165889,75.37532043,1610438749
27.0915184,93.6165384,76.07686615,1610438751
27.0914395,93.6163859,77.01847839,1610438759
27.0913638,93.6162241,80.77683258,1610438767
27.0912588,93.6160473,82.38679504,1610438774
27.0912115,93.6160055,85.83639526,1610438781
27.0911955,93.615963,77.28553772,1610438789
27.0911634,93.6159134,72.5201416,1610438797
27.0911633,93.6159133,77.84936523,1610438799
27.0911633,93.6159133,77.84936523,1610438799
27.0911633,93.6159133,72.14486694,1610438800
27.0911633,93.6159133,72.14486694,1610438800
27.0911633,93.6159133,76.82919312,1610438801
27.0911633,93.6159133,76.82919312,1610438801
27.0911633,93.6159133,84.00032806,1610438802
27.0911633,93.6159133,84.00032806,1610438802
27.0911633,93.6159133,74.73190308,1610438803
27.0911633,93.6159133,74.73190308,1610438803
27.0911633,93.6159133,75.96910095,1610438804
27.0911633,93.6159133,79.51902771,1610438805
27.0911633,93.6159133,79.51902771,1610438805
27.0911633,93.6159133,74.7452774,1610438807
27.0911633,93.6159133,74.7452774,1610438807
27.0911633,93.6159133,74.41323853,1610438808
27.0911633,93.6159133,74.41323853,1610438808
27.0911633,93.6159133,72.62238312,1610438809
27.0911633,93.6159133,72.62238312,1610438809
27.0911633,93.6159133,70.65387726,1610438810
27.0911633,93.6159133,70.65387726,1610438810
27.0911633,93.6159133,69.98577881,1610438811
27.0911633,93.6159133,69.78649139,1610438812
27.0911633,93.6159133,69.78649139,1610438812
27.0911633,93.6159133,69.78649139,1610438812
27.0911637,93.6158828,67.9967041,1610438813
27.0911594,93.6158683,67.89468384,1610438814
27.0911593,93.615865,69.16001892,1610438816
27.0911581,93.6158563,70.64942169,1610438817
27.0911563,93.6158501,69.74028015,1610438818
27.0911547,93.6158422,70.61790466,1610438819
27.0911538,93.6158391,69.31960297,1610438820
27.0911539,93.6158272,75.73449707,1610438821
27.0911561,93.6158208,69.76322174,1610438822
27.0911573,93.6158194,78.34358978,1610438823
27.091161,93.6158174,75.70026398,1610438824
27.0911616,93.615817,70.50431061,1610438826
